food_name,serving,calories,protein_g,fat_g,carbs_g,meal_tags,diet_tags
Gỏi cuốn tôm thịt,1 Cái,160,8,2,15,lunch|dinner|afternoon,low_calorie|low_fat|low_carb
Bánh mì thịt nướng,1 ổ vừa,460,18,12,50,breakfast|lunch|dinner,moderate_calorie|moderate_protein|balanced
Bún đậu mắm tôm,1 phần,700,20,22,75,lunch|dinner,high_calorie|high_protein|high_fat|high_carb|high_fiber
Bún chả Hà Nội,1 phần,650,25,20,60,lunch|dinner,high_calorie|high_protein|high_fat|high_carb|high_fiber|balanced
Mì xào Bò,1 đĩa,650,22,18,65,lunch|dinner,high_calorie|high_protein|high_carb|high_fiber|balanced
KimBap,1 Khoanh,50,8,5,40,lunch|dinner|afternoon,low_calorie|low_fat
Hột vịt lộn,1 trái,98,13.6,11.7,0,breakfast|lunch|dinner|afternoon,low_calorie|moderate_protein|low_carb
Xôi vò,1 gói,509,8.4,5.2,62.6,breakfast,moderate_calorie|low_fat|high_carb
Xôi vị,1 gói,459,7.3,4.8,65.3,breakfast,moderate_calorie|low_fat|high_carb
Xôi nếp than,1 gói,515,6.5,3.2,67.4,breakfast,moderate_calorie|low_fat|high_carb
Xôi mặn,1 gói,499,9.8,12.5,55.8,breakfast,moderate_calorie
Xôi lá cẩm,1 gói,577,6.4,3.6,68.3,breakfast,high_calorie|low_fat|high_carb
Xôi khúc (cúc),1 gói,395,10.4,9.5,55.3,breakfast,moderate_calorie|balanced
Xôi gấc,1 gói,589,7,3.7,68.9,breakfast,high_calorie|low_fat|high_carb
Xôi đậu xanh,1 gói,532,7.5,4.1,67.5,breakfast,moderate_calorie|low_fat|high_carb
Xôi đậu phộng,1 gói,659,8.3,6.8,64.3,breakfast|lunch|dinner,high_calorie|low_fat|high_carb
Xôi đậu đen,1 gói,550,7.6,4.3,66.2,breakfast,moderate_calorie|low_fat|high_carb
Xôi bắp,1 gói,313,7,3.7,67.1,breakfast,moderate_calorie|low_fat|high_carb
Bắp giã,1 gói,328,10,1.5,72,afternoon|lunch,moderate_calorie|low_fat|high_carb|high_fiber|balanced
Há cảo,1 đĩa,363,4.8,3.2,22.4,afternoon,moderate_calorie|low_fat
Giò cháo quẩy,1 cái đôi,117,6.3,15.8,42.2,breakfast|afternoon,low_calorie
Bánh xèo,1 cái,517,8.4,16.7,41.6,lunch|dinner,moderate_calorie
Bánh ướt,1 đĩa,749,5.6,4.1,53.4,lunch|dinner,high_calorie|low_fat
Bánh tét nhân mặn,1 cái,407,8.4,12.5,52.3,lunch|dinner,moderate_calorie
Bánh tét nhân đậu ngọt,1 cái,444,7.3,11.2,56.1,lunch|dinner,moderate_calorie
Bánh tét nhân chuối,1 cái,302,6.9,10.6,53.2,afternoon|lunch,moderate_calorie
Bánh sừng trâu,1 cái,227,7.2,18.5,51.3,afternoon,low_calorie
Bánh patechaud,1 cái,374,10,25,45,lunch|dinner,moderate_calorie|high_fat|balanced
Bánh mì thịt,1 ổ,461,20,15,55,breakfast|lunch|dinner,moderate_calorie|high_protein|balanced
Bánh mì sandwich kẹp thịt,1 cái,468,15,20,45,breakfast|lunch|dinner,moderate_calorie|moderate_protein|high_fat|balanced
Bánh mì sandwich,1 lát vuông,89,8,4,45,breakfast|lunch|dinner|afternoon,low_calorie|low_fat
Bánh mì ổ,1 ổ trung bình,239,10,3,50,breakfast|lunch|dinner|afternoon,low_calorie|low_fat
Bánh mì ngọt Đức phát,1 ổ,304,8,10,60,breakfast|lunch|dinner,moderate_calorie|high_carb
Bánh mì kẹp chả lụa,1 ổ,431,20,12,45,breakfast|lunch|dinner,moderate_calorie|high_protein|balanced
Bánh mì kẹp chà bông,1 ổ,337,15,10,45,breakfast|lunch|dinner,moderate_calorie|moderate_protein|balanced
Bánh mì kẹp cá hộp,1 ổ,399,18,15,50,breakfast|lunch|dinner,moderate_calorie|moderate_protein|balanced
Bánh mì cadé Kinh đô,1 cái,129,10,20,50,breakfast|lunch|dinner|afternoon,low_calorie|high_fat
Bánh lá chả tôm,1 đĩa,331,10,8,40,lunch|dinner,moderate_calorie|low_fat|balanced
Bánh khọt,1 đĩa 5 cái,154,6,15,30,breakfast|afternoon,low_calorie
Bánh giò,1 cái,280,8,10,40,breakfast|afternoon,moderate_calorie
Bánh chưng,1 cái,407,3,12,40,lunch|dinner,moderate_calorie
Bánh cuốn,1 đĩa,590,5,8,45,breakfast|lunch|dinner,high_calorie|low_fat
Bánh cay,1 cái nhỏ,25,4,10,40,afternoon,low_calorie
Bánh bột lọc,1 đĩa,487,3,5,35,breakfast|afternoon,moderate_calorie|low_fat
Bánh bía,1 cái,709,5,15,60,lunch|dinner,high_calorie|high_carb
Bánh bèo,1 đĩa,358,4,8,45,breakfast|afternoon,moderate_calorie|low_fat
Phở gà,1 tô,483,20,10,40,breakfast|lunch|dinner,moderate_calorie|high_protein|balanced
Phở bò viên,1 tô,431,22,12,45,breakfast|lunch|dinner,moderate_calorie|high_protein|balanced
Phở bò tái,1 tô,431,25,8,45,breakfast|lunch|dinner,moderate_calorie|high_protein|low_fat|balanced
Phở bò chín,1 tô,456,25,10,45,breakfast|lunch|dinner,moderate_calorie|high_protein|balanced
Nui thịt heo,1 đĩa,414,20,8,50,lunch|dinner,moderate_calorie|high_protein|low_fat|balanced
Nui chiên,1 đĩa,523,8,15,45,lunch|dinner,moderate_calorie
Miến gà,1 tô,635,15,6,45,lunch|dinner,high_calorie|moderate_protein|low_fat|balanced
Mì xào dòn,1 đĩa,638,12,18,50,lunch|dinner,high_calorie|moderate_protein|balanced
Mì vịt tiềm,1 tô,776,20,25,50,lunch|dinner,high_calorie|high_protein|high_fat
Mì thịt heo,1 tô,415,15,12,45,lunch|dinner,moderate_calorie|moderate_protein|balanced
Mì quảng,1 tô,541,20,10,50,lunch|dinner,moderate_calorie|high_protein|balanced
Hủ tíu xào,1 đĩa,646,15,15,50,breakfast|lunch|dinner,high_calorie|moderate_protein|balanced
Hủ tíu thịt heo,1 tô,361,20,8,45,breakfast|lunch|dinner,moderate_calorie|high_protein|low_fat|balanced
Hủ tíu Nam vang,1 tô,400,22,10,45,breakfast|lunch|dinner,moderate_calorie|high_protein|balanced
Hủ tíu mì,1 tô,410,18,12,45,breakfast|lunch|dinner,moderate_calorie|moderate_protein|balanced
Hủ tíu bò kho,1 tô,538,20,15,50,breakfast|lunch|dinner,moderate_calorie|high_protein|balanced
Hoành thánh,1 tô,248,15,10,40,afternoon,low_calorie|moderate_protein
Cháo lòng,1 tô,412,10,12,30,breakfast,moderate_calorie|balanced
Cháo huyết,1 tô,332,12,10,30,breakfast,moderate_calorie|moderate_protein|balanced
Cháo gỏi vịt,1 tô,930,20,15,35,breakfast|lunch|dinner,high_calorie|high_protein
Cháo đậu đỏ,1 tô,322,8,5,40,breakfast,moderate_calorie|low_fat
Canh bún,1 tô,296,15,10,45,lunch|dinner|afternoon,moderate_calorie|moderate_protein|balanced
Bún thịt nướng chả giò,1 tô,598,18,15,45,lunch|dinner,high_calorie|moderate_protein|balanced
Bún riêu ốc,1 tô,531,15,10,40,lunch|dinner,moderate_calorie|moderate_protein|balanced
Bún riêu cua,1 tô,414,20,8,45,lunch|dinner,moderate_calorie|high_protein|low_fat|balanced
Bún mộc,1 tô,514,18,10,45,lunch|dinner,moderate_calorie|moderate_protein|balanced
Bún măng,1 tô,485,15,8,45,lunch|dinner,moderate_calorie|moderate_protein|low_fat|balanced
Bún mắm,1 tô,480,20,12,45,lunch|dinner,moderate_calorie|high_protein|balanced
Bún bò huế (giò),1 tô,622,25,15,50,lunch|dinner,high_calorie|high_protein|balanced
Bánh canh thịt heo,1 tô,322,15,10,45,breakfast|lunch|dinner,moderate_calorie|moderate_protein|balanced
Bánh canh thịt gà,1 tô,346,15,8,45,breakfast|lunch|dinner,moderate_calorie|moderate_protein|low_fat|balanced
Bánh canh giò heo,1 tô,483,20,15,45,breakfast|lunch|dinner,moderate_calorie|high_protein|balanced
Bánh canh cua,1 tô,379,18,12,45,breakfast|lunch|dinner,moderate_calorie|moderate_protein|balanced
Thịt kho tiêu,1 đĩa,312,20,25,5,lunch|dinner,moderate_calorie|high_protein|high_fat|low_carb
Thịt heo quay,1 đĩa,250,25,30,0,lunch|dinner|afternoon,low_calorie|high_protein|high_fat|low_carb
Tôm sốt cà,1 đĩa,248,20,10,5,lunch|dinner|afternoon,low_calorie|high_protein|low_carb
Tôm lăn bột chiên,1 đĩa,247,18,15,10,lunch|dinner|afternoon,low_calorie|moderate_protein|low_carb
Tàu hủ ky chiên,1 đĩa,306,8,20,15,afternoon|lunch,moderate_calorie|high_fat|low_carb
Sườn ram,1 miếng,264,18,20,5,afternoon,moderate_calorie|moderate_protein|high_fat|low_carb
Sườn nướng,1 miếng,123,20,25,5,afternoon,low_calorie|high_protein|high_fat|low_carb
Nấm rơm kho,1 đĩa,154,3,5,10,afternoon,low_calorie|low_fat|low_carb
Mít kho,1 đĩa,100,2,5,20,afternoon,low_calorie|low_fat|low_carb
Mì căn xào sả,1 đĩa,299,8,10,40,lunch|dinner|afternoon,moderate_calorie
Mì bò viên,1 tô,456,18,15,45,lunch|dinner,moderate_calorie|moderate_protein|balanced
Mắm Thái,1 đĩa,167,10,10,15,afternoon,low_calorie|low_carb
Gỏi ngó sen,1 đĩa,286,8,8,15,lunch|dinner|afternoon,moderate_calorie|low_fat|low_carb
Gỏi bắp chuối,1 đĩa,124,6,10,10,lunch|dinner|afternoon,low_calorie|low_carb
Đùi gà chiên,1 cái,173,25,20,10,lunch|dinner|afternoon,low_calorie|high_protein|high_fat|low_carb
Đậu hủ sốt cà,1 đĩa,239,8,10,10,afternoon,low_calorie|low_carb
Đậu hủ dồn thịt,1 miếng,196,15,15,10,afternoon,low_calorie|moderate_protein|low_carb
Đậu hủ chiên xả,1 miếng,148,8,10,10,afternoon,low_calorie|low_carb
Chả trứng chưng,1 đĩa,127,15,12,5,breakfast|lunch|dinner|afternoon,low_calorie|moderate_protein|low_carb
Chả lụa chiên,1 cái tròn,336,12,15,5,lunch|dinner,moderate_calorie|moderate_protein|low_carb
Cơm chiên dương châu,1 đĩa,530,15,20,55,lunch|dinner,moderate_calorie|moderate_protein|high_fat|balanced
Canh rau ngót,1 tô,23,3,2,5,lunch|dinner|afternoon,low_calorie|low_fat|low_carb
Canh khổ qua hầm,1 tô,88,5,3,5,lunch|dinner|afternoon,low_calorie|low_fat|low_carb
Canh kiểm,1 tô,291,4,6,10,lunch|dinner|afternoon,moderate_calorie|low_fat|low_carb
Canh chua,1 tô,37,6,5,10,lunch|dinner|afternoon,low_calorie|low_fat|low_carb
Cà tím nướng,1 đĩa,33,2,3,8,lunch|dinner|afternoon,low_calorie|low_fat|low_carb
Cà ri,1 tô,278,15,10,20,lunch|dinner|afternoon,moderate_calorie|moderate_protein|low_carb|balanced
Cá mòi kho,1 đĩa,105,20,8,5,lunch|dinner|afternoon,low_calorie|high_protein|low_fat|low_carb
Cà chua dồn thịt,2 trái,131,15,10,10,lunch|dinner|afternoon,low_calorie|moderate_protein|low_carb
Cá cơm lăn bột chiên,1 đĩa,316,12,15,10,lunch|dinner,moderate_calorie|moderate_protein|low_carb
Bún xào,1 đĩa,570,10,12,50,lunch|dinner,high_calorie|balanced
Bún thịt nướng,1 tô,451,18,15,45,lunch|dinner,moderate_calorie|moderate_protein|balanced
Bún riêu,1 tô,482,20,10,45,lunch|dinner,moderate_calorie|high_protein|balanced
Bún bò huế,1 tô,479,25,15,50,lunch|dinner,moderate_calorie|high_protein|balanced
Bánh bao chay,2 cái,220,8,5,40,afternoon,low_calorie|low_fat
Xíu mại,2 viên,104,15,10,5,afternoon,low_calorie|moderate_protein|low_carb
Thịt kho trứng,1 trứng+2 miếng thịt,315,25,20,5,breakfast|lunch|dinner|afternoon,moderate_calorie|high_protein|high_fat|low_carb
Thịt heo xào giá hẹ,1 đĩa,188,20,15,5,lunch|dinner|afternoon,low_calorie|high_protein|low_carb
Thịt heo xào đậu que,1 đĩa,240,20,15,5,lunch|dinner|afternoon,low_calorie|high_protein|low_carb
Thịt heo phá lấu,1 đĩa,242,20,25,5,lunch|dinner|afternoon,low_calorie|high_protein|high_fat|low_carb
Thịt bò xào nấm rơm,1 đĩa,152,20,15,5,lunch|dinner|afternoon,low_calorie|high_protein|low_carb
Thịt bò xào măng,1 đĩa,104,20,15,5,lunch|dinner|afternoon,low_calorie|high_protein|low_carb
Thịt bò xào hành tây,1 đĩa,132,20,15,5,lunch|dinner|afternoon,low_calorie|high_protein|low_carb
Thịt bò xào giá hẹ,1 đĩa,143,20,15,5,lunch|dinner|afternoon,low_calorie|high_protein|low_carb
Thịt bò xào đậu que,1 đĩa,195,20,15,5,lunch|dinner|afternoon,low_calorie|high_protein|low_carb
Thị heo quay,1 đĩa,146,25,30,0,afternoon,low_calorie|high_protein|high_fat|low_carb
Tép rang,10 con,101,20,10,5,afternoon,low_calorie|high_protein|low_carb
Mực xào thập cẩm,1 đĩa,136,15,10,10,lunch|dinner|afternoon,low_calorie|moderate_protein|low_carb
Mực xào sả ớt,1 đĩa,184,15,12,10,lunch|dinner|afternoon,low_calorie|moderate_protein|low_carb
Mắm chưng,1 miếng tròn,194,15,10,5,afternoon,low_calorie|moderate_protein|low_carb
Lạp xưởng chiên,1 cái,293,15,25,5,afternoon,moderate_calorie|moderate_protein|high_fat|low_carb
Khổ qua xào trứng,1 đĩa,114,8,10,5,breakfast|afternoon,low_calorie|low_carb
Gỏi tôm cuốn,3 cuốn,147,10,5,10,lunch|dinner|afternoon,low_calorie|low_fat|low_carb
Gỏi khô bò,1 đĩa,268,12,8,10,lunch|dinner|afternoon,moderate_calorie|moderate_protein|low_fat|low_carb
Gỏi bì cuốn,3 cuốn,116,8,5,10,lunch|dinner|afternoon,low_calorie|low_fat|low_carb
Gan heo xào,1 đĩa,200,20,12,5,afternoon,low_calorie|high_protein|low_carb
Gà xào sả ớt,1 đĩa,272,25,20,5,lunch|dinner|afternoon,moderate_calorie|high_protein|high_fat|low_carb
Gà rô ti,1 cái đùi,300,25,25,5,lunch|dinner|afternoon,moderate_calorie|high_protein|high_fat|low_carb
Gà kho gừng,1 đĩa,301,25,20,5,lunch|dinner,moderate_calorie|high_protein|high_fat|low_carb
Chả lụa kho,1 khoanh,102,15,10,5,lunch|dinner|afternoon,low_calorie|moderate_protein|low_carb
Chả giò chiên,10 cuốn,41,10,15,10,lunch|dinner|afternoon,low_calorie|low_carb
Chả cá thác lác chiên,1 miếng tròn,133,20,15,5,lunch|dinner|afternoon,low_calorie|high_protein|low_carb
Cơm tấm sườn,1 đĩa cơm phần,527,15,20,55,lunch|dinner,moderate_calorie|moderate_protein|high_fat|balanced
Cơm tấm chả,1 đĩa cơm phần,592,15,15,55,lunch|dinner,high_calorie|moderate_protein|balanced
Cơm tấm bì,1 đĩa cơm phần,627,15,10,55,lunch|dinner,high_calorie|moderate_protein|balanced
Canh rau dền,1 chén,22,3,2,5,lunch|dinner|afternoon,low_calorie|low_fat|low_carb
Canh mướp,1 chén,31,3,2,5,lunch|dinner|afternoon,low_calorie|low_fat|low_carb
Canh khoai mỡ,1 chén,51,2,3,10,lunch|dinner|afternoon,low_calorie|low_fat|low_carb
Canh hẹ,1 chén,33,3,2,5,lunch|dinner|afternoon,low_calorie|low_fat|low_carb
Canh cải ngọt,1 chén,30,3,2,5,lunch|dinner|afternoon,low_calorie|low_fat|low_carb
Canh bí rợ,1 chén,42,3,2,5,lunch|dinner|afternoon,low_calorie|low_fat|low_carb
Canh bí đao,1 chén,29,3,2,5,lunch|dinner|afternoon,low_calorie|low_fat|low_carb
Canh bầu,1 chén,30,3,2,5,lunch|dinner|afternoon,low_calorie|low_fat|low_carb
Canh bắp cải,1 chén,37,3,2,5,lunch|dinner|afternoon,low_calorie|low_fat|low_carb
Cá viên kho,10 viên nhỏ,100,15,10,5,lunch|dinner|afternoon,low_calorie|moderate_protein|low_carb
Cá trê chiên,1 con,219,20,15,5,lunch|dinner|afternoon,low_calorie|high_protein|low_carb
Cá ngừ kho,1 lát cá,122,20,10,5,lunch|dinner|afternoon,low_calorie|high_protein|low_carb
Cá lóc kho,1 lát cá,131,20,10,5,lunch|dinner|afternoon,low_calorie|high_protein|low_carb
Cá lóc chiên,1 lát,169,20,15,5,lunch|dinner|afternoon,low_calorie|high_protein|low_carb
Cá hú kho,1 lát cá,184,20,10,5,lunch|dinner|afternoon,low_calorie|high_protein|low_carb
Cá đối kho,1 con,82,20,10,5,lunch|dinner|afternoon,low_calorie|high_protein|low_carb
Cá đối chiên,1 con,108,20,15,5,lunch|dinner|afternoon,low_calorie|high_protein|low_carb
Cá chim chiên,1 con,111,20,15,5,lunch|dinner|afternoon,low_calorie|high_protein|low_carb
Cá chép chưng tương,1 con,156,20,10,5,lunch|dinner|afternoon,low_calorie|high_protein|low_carb
Cá bạc má kho,1 con,167,20,10,5,lunch|dinner|afternoon,low_calorie|high_protein|low_carb
Cá bạc má chiên,1 con,135,20,15,5,lunch|dinner|afternoon,low_calorie|high_protein|low_carb
Bò cuốn mỡ chài,8 cuốn,1180,20,20,5,lunch|dinner,high_calorie|high_protein|high_fat|low_carb
Bò cuốn lá lốt,8 cuốn,841,20,15,5,lunch|dinner,high_calorie|high_protein|low_carb
Bò bía,3 cuốn,93,10,5,10,lunch|dinner|afternoon,low_calorie|low_fat|low_carb
Bầu xào trứng,1 đĩa,109,10,8,5,breakfast|afternoon,low_calorie|low_fat|low_carb
Cơm trắng,1 chén vừa,200,2.6,0.3,28,lunch|dinner|afternoon,low_calorie|low_fat
Bún gạo lứt khô,100g,340,7,1,74,lunch|dinner,moderate_calorie|low_fat|high_carb
Phở gạo lứt khô,100g,340,7,1,74,breakfast|lunch|dinner,moderate_calorie|low_fat|high_carb
Hủ tiếu gạo lứt khô,100g,340,7,1,74,breakfast|lunch|dinner,moderate_calorie|low_fat|high_carb
Thịt cua nạc,100g,120,19,2,0,lunch|dinner|afternoon,low_calorie|moderate_protein|low_fat|low_carb
Thịt cua gạch,100g,150,18,4,0,lunch|dinner|afternoon,low_calorie|moderate_protein|low_fat|low_carb
Tôm sú,100g,130,20,1.5,0,lunch|dinner|afternoon,low_calorie|high_protein|low_fat|low_carb
Tôm Hùm,100g,145,19,2,0,lunch|dinner|afternoon,low_calorie|moderate_protein|low_fat|low_carb
Tôm rang thịt,100g,180,20,10,5,lunch|dinner|afternoon,low_calorie|high_protein|low_carb
Tôm rim,100g,175,20,8,5,lunch|dinner|afternoon,low_calorie|high_protein|low_fat|low_carb
Tôm rang me chua ngọt,100g,180,20,12,10,lunch|dinner|afternoon,low_calorie|high_protein|low_carb
Gà nướng,100g,230,25,15,0,lunch|dinner|afternoon,low_calorie|high_protein|low_carb
Bún tươi,100g,110,2.4,0.3,27,lunch|dinner|afternoon,low_calorie|low_fat
Bún gạo,100g,440,2.4,0.3,27,lunch|dinner,moderate_calorie|low_fat
Bánh mì nâu đen,100g,315,8,2,50,breakfast|lunch|dinner,moderate_calorie|low_fat
Vịt luộc - hấp,100g,337,16,9,0,lunch|dinner,moderate_calorie|moderate_protein|low_carb
Bánh ngô chiên,1 cái,442,5,12,30,lunch|dinner,moderate_calorie
Cá khô chiên,100g,325,20,15,0,lunch|dinner,moderate_calorie|high_protein|low_carb
Cá chỉ vàng,100g,290,17,2.5,0,lunch|dinner|afternoon,moderate_calorie|moderate_protein|low_fat|low_carb
Cá sặc khô,100g,301,18,3,0,lunch|dinner,moderate_calorie|moderate_protein|low_fat|low_carb
Cá lóc khô,100g,280,19,2.8,0,lunch|dinner|afternoon,moderate_calorie|moderate_protein|low_fat|low_carb
Chả bò - giò bò,100g,195,12,15,2,lunch|dinner|afternoon,low_calorie|moderate_protein|low_carb
Bò viên,100g,250,14,10,2,lunch|dinner|afternoon,low_calorie|moderate_protein|low_carb
Cá viên chiên,100g,160,14,12,2,lunch|dinner|afternoon,low_calorie|moderate_protein|low_carb
Bánh ú,1 Cái,285,6,5,40,afternoon,moderate_calorie|low_fat
Thịt chó,100g,348,20,20,0,lunch|dinner,moderate_calorie|high_protein|high_fat|low_carb
Thịt chó rượu mận,100g,485,20,22,5,lunch|dinner,moderate_calorie|high_protein|high_fat|low_carb
Thịt bò,100g,250,26,15,0,lunch|dinner|afternoon,low_calorie|high_protein|low_carb
Thịt gà,100g,165,31,3.6,0,lunch|dinner|afternoon,low_calorie|high_protein|low_fat|low_carb
Thịt heo,100g,242,27,14,0,lunch|dinner|afternoon,low_calorie|high_protein|low_carb
Thịt vịt,100g,337,19,28,0,lunch|dinner,moderate_calorie|moderate_protein|high_fat|low_carb
Thịt cừu,100g,294,25,21,0,lunch|dinner|afternoon,moderate_calorie|high_protein|high_fat|low_carb
Thịt dê,100g,143,27.1,03.03,0,lunch|dinner|afternoon,low_calorie|high_protein|low_fat|low_carb
Thịt lợn quay,100g,290,21,23,0,lunch|dinner|afternoon,moderate_calorie|high_protein|high_fat|low_carb
Thịt thỏ,100g,173,24,8,0,lunch|dinner|afternoon,low_calorie|high_protein|low_fat|low_carb
Thịt gà tây,100g,135,30,3.5,0,lunch|dinner|afternoon,low_calorie|high_protein|low_fat|low_carb
Thịt ngỗng,100g,305,19,28,0,lunch|dinner,moderate_calorie|moderate_protein|high_fat|low_carb
Thịt cá hồi,100g,206,22,13,0,lunch|dinner|afternoon,low_calorie|high_protein|low_carb
Thịt cá ngừ,100g,132,28,0.5,0,lunch|dinner|afternoon,low_calorie|high_protein|low_fat|low_carb
Thịt cá thu,100g,205,19,13.9,0,lunch|dinner|afternoon,low_calorie|moderate_protein|low_carb
Thịt lươn,100g,184,19,11,0,lunch|dinner|afternoon,low_calorie|moderate_protein|low_carb
Thịt cá rô phi,100g,129,26,2.7,0,lunch|dinner|afternoon,low_calorie|high_protein|low_fat|low_carb
Thịt cá trê,100g,95,16,2.9,0,lunch|dinner|afternoon,low_calorie|moderate_protein|low_fat|low_carb
Thịt cá chép,100g,127,17,5.6,0,lunch|dinner|afternoon,low_calorie|moderate_protein|low_fat|low_carb
Thịt cá basa,100g,93,15,3.2,0,lunch|dinner|afternoon,low_calorie|moderate_protein|low_fat|low_carb
Thịt tôm,100g,99,24,0.3,0.2,lunch|dinner|afternoon,low_calorie|high_protein|low_fat|low_carb
Thịt cua,100g,97,19,1.5,0,lunch|dinner|afternoon,low_calorie|moderate_protein|low_fat|low_carb
Thịt ốc,100g,90,16,1.4,2,lunch|dinner|afternoon,low_calorie|moderate_protein|low_fat|low_carb
Thịt bồ câu,100g,213,20,14,0,lunch|dinner|afternoon,low_calorie|high_protein|low_carb
Thịt lạc đà,100g,143,30,1.7,0,lunch|dinner|afternoon,low_calorie|high_protein|low_fat|low_carb
Cà rốt,100g,41,0.9,0.2,9.6,lunch|dinner|afternoon,low_calorie|low_fat|low_carb
Cà chua,100g,18,0.9,0.2,3.9,lunch|dinner|afternoon,low_calorie|low_fat|low_carb
Gà rán,100g,320,14,20,13,lunch|dinner,moderate_calorie|moderate_protein|high_fat|low_carb
Bánh mì kẹp thịt nướng,100g,250,13,9,30,breakfast|lunch|dinner|afternoon,low_calorie|moderate_protein|balanced
Bánh mì Doner Kebab,100g,215,9,10,22,breakfast|lunch|dinner|afternoon,low_calorie
Bánh mì sandwich thịt nguội,100g,237,12,9,28,breakfast|lunch|dinner|afternoon,low_calorie|moderate_protein
Bánh mì bánh mì xúc xích,100g,296,11,16,28,breakfast|lunch|dinner|afternoon,moderate_calorie|balanced
Gà viên chiên,100g,290,15,20,16,lunch|dinner|afternoon,moderate_calorie|moderate_protein|high_fat|low_carb
Mì xào,100g,138,4,5,21,lunch|dinner|afternoon,low_calorie|low_fat
Cao lầu,1 phần,350,15,10,55,lunch|dinner,moderate_calorie|moderate_protein|balanced
Bánh căn,1 phần,250,8,10,35,afternoon,low_calorie
Bánh bèo,1 phần,220,6,7,35,breakfast|afternoon,low_calorie|low_fat
Bánh nậm,1 phần,200,5,6,30,afternoon,low_calorie|low_fat
Bún hến,1 phần,400,15,10,65,lunch|dinner,moderate_calorie|moderate_protein|high_carb|high_fiber|balanced
Cơm hến,1 phần,350,18,8,55,lunch|dinner,moderate_calorie|moderate_protein|low_fat|balanced
Chả ram bắp,1 phần,300,10,15,35,lunch|dinner|afternoon,moderate_calorie|balanced
Bánh tráng cuốn thịt heo,1 phần,320,15,12,40,lunch|dinner,moderate_calorie|moderate_protein|balanced
Bánh đập,1 phần,200,5,5,35,afternoon,low_calorie|low_fat
Gỏi cá Nam Ô,1 phần,280,25,10,15,lunch|dinner|afternoon,moderate_calorie|high_protein|low_carb
Bún chả cá,1 phần,350,20,8,55,lunch|dinner,moderate_calorie|high_protein|low_fat|balanced
Bánh canh chả cá,1 phần,400,20,10,65,breakfast|lunch|dinner,moderate_calorie|high_protein|high_carb|balanced
Bún mắm nêm,1 phần,500,20,20,70,lunch|dinner,moderate_calorie|high_protein|high_fat|high_carb|high_fiber|balanced
Nem lụi,1 phần,300,20,15,25,afternoon,moderate_calorie|high_protein|balanced
Bánh hỏi thịt nướng,1 phần,450,25,20,60,lunch|dinner,moderate_calorie|high_protein|high_fat|high_carb|balanced
Cơm tấm sườn bì chả,1 phần,600,25,20,85,lunch|dinner,high_calorie|high_protein|high_fat|high_carb|high_fiber|balanced
Hủ tiếu Nam Vang,1 phần,550,25,18,70,breakfast|lunch|dinner,moderate_calorie|high_protein|high_carb|high_fiber|balanced
Gỏi cuốn,1 phần,200,10,5,30,lunch|dinner|afternoon,low_calorie|low_fat
Chả giò,1 phần,250,10,15,20,lunch|dinner|afternoon,low_calorie|low_carb|balanced
Lẩu mắm,1 phần,500,30,20,60,lunch|dinner,moderate_calorie|high_protein|high_fat|high_carb|high_fiber|balanced
Cá kho tộ,1 phần,350,40,15,10,lunch|dinner,moderate_calorie|high_protein|low_carb
Canh chua cá,1 phần,300,25,10,20,lunch|dinner|afternoon,moderate_calorie|high_protein|low_carb|high_fiber|balanced
Thịt kho tàu,1 phần,400,30,25,10,lunch|dinner,moderate_calorie|high_protein|high_fat|low_carb
Gà nướng muối ớt,1 phần,500,40,35,0,lunch|dinner,moderate_calorie|high_protein|high_fat|low_carb
Bánh tét,1 phần,350,10,10,60,afternoon|lunch,moderate_calorie|high_carb|balanced
Bánh tráng trộn,1 phần,400,10,20,45,lunch|dinner,moderate_calorie|high_fat|balanced
Bánh lọt,1 phần,250,5,5,50,afternoon,low_calorie|low_fat
Bún chả,1 phần,500,30,20,55,lunch|dinner,moderate_calorie|high_protein|high_fat|high_fiber|balanced
Bún thang,1 phần,420,25,15,60,lunch|dinner,moderate_calorie|high_protein|high_carb|balanced
Chả cá Lã Vọng,1 phần,520,30,35,20,lunch|dinner,moderate_calorie|high_protein|high_fat|low_carb
Nem rán (chả giò),1 phần,250,10,15,20,lunch|dinner|afternoon,low_calorie|low_carb|balanced
Xôi xéo,1 phần,400,10,15,65,breakfast,moderate_calorie|high_carb|balanced
Xôi gà,1 phần,450,15,18,65,breakfast,moderate_calorie|moderate_protein|high_carb|balanced
Bánh đa cua,1 phần,450,25,15,60,lunch|dinner,moderate_calorie|high_protein|high_carb|high_fiber|balanced
Cơm lam,1 phần,350,5,5,75,lunch|dinner,moderate_calorie|low_fat|high_carb
Bánh đúc,1 phần,220,4,8,35,breakfast|afternoon,low_calorie|low_fat
Bánh gai,1 phần,250,5,5,50,afternoon,low_calorie|low_fat
Bánh gio,1 phần,150,3,1,32,breakfast|afternoon,low_calorie|low_fat
Bánh khúc,1 phần,300,8,8,50,afternoon,moderate_calorie|low_fat
Bún mọc,1 phần,400,20,15,60,lunch|dinner,moderate_calorie|high_protein|high_carb|balanced
Thịt đông,1 phần,350,30,25,5,lunch|dinner,moderate_calorie|high_protein|high_fat|low_carb
Giò lụa,1 phần,250,16,20,1,afternoon,low_calorie|moderate_protein|high_fat|low_carb
Giò thủ,1 phần,300,20,25,2,afternoon,moderate_calorie|high_protein|high_fat|low_carb
Thịt nướng,1 phần,450,30,35,5,lunch|dinner,moderate_calorie|high_protein|high_fat|low_carb
Thịt luộc,1 phần,300,20,25,0,lunch|dinner|afternoon,moderate_calorie|high_protein|high_fat|low_carb
Cá kho,1 phần,350,40,15,10,lunch|dinner,moderate_calorie|high_protein|low_carb
Lẩu gà,1 phần,450,30,20,30,lunch|dinner,moderate_calorie|high_protein|high_fat|high_fiber|balanced
Lẩu riêu cua,1 phần,400,25,15,40,lunch|dinner,moderate_calorie|high_protein|high_fiber|balanced
Miến lươn,1 phần,350,20,10,50,lunch|dinner,moderate_calorie|high_protein|balanced
Cháo sườn,1 phần,250,10,5,40,breakfast|afternoon,low_calorie|low_fat|balanced
Cháo trai,1 phần,220,10,4,35,breakfast|afternoon,low_calorie|low_fat
Cháo gà,1 phần,200,12,4,30,breakfast|afternoon,low_calorie|moderate_protein|low_fat
Xôi ngô,1 phần,300,8,10,55,breakfast|afternoon,moderate_calorie
Bún nước lèo,1 phần,450,18,12,70,lunch|dinner,moderate_calorie|moderate_protein|high_carb|high_fiber|balanced
Bún cá,1 phần,400,20,10,65,lunch|dinner,moderate_calorie|high_protein|high_carb|balanced
Bánh tằm bì,1 phần,550,15,18,85,lunch|dinner,moderate_calorie|moderate_protein|high_carb|high_fiber|balanced
Cháo cá lóc,1 phần,350,20,8,50,breakfast|lunch|dinner,moderate_calorie|high_protein|low_fat|balanced
Cá lóc nướng trui,1 phần,300,30,15,10,lunch|dinner|afternoon,moderate_calorie|high_protein|low_carb
Lẩu cá kèo,1 phần,400,35,12,30,lunch|dinner,moderate_calorie|high_protein|high_fiber|balanced
Lẩu cua đồng,1 phần,450,30,15,40,lunch|dinner,moderate_calorie|high_protein|high_fiber|balanced
Bánh canh Trảng Bàng,1 phần,400,20,10,65,breakfast|lunch|dinner,moderate_calorie|high_protein|high_carb|balanced
Hủ tiếu Mỹ Tho,1 phần,550,25,18,70,breakfast|lunch|dinner,moderate_calorie|high_protein|high_carb|high_fiber|balanced
Hủ tiếu Sa Đéc,1 phần,500,25,15,65,breakfast|lunch|dinner,moderate_calorie|high_protein|high_carb|high_fiber|balanced
Nem nướng Cái Răng,1 phần,450,20,20,50,lunch|dinner,moderate_calorie|high_protein|high_fat|balanced
Bánh ít lá gai,1 phần,250,5,5,50,afternoon,low_calorie|low_fat
Bánh tét lá cẩm,1 phần,300,8,8,55,afternoon,moderate_calorie|low_fat
Thắng cố,1 phần,600,45,40,5,lunch|dinner,high_calorie|high_protein|high_fat|low_carb
Lợn cắp nách nướng,1 phần,500,40,35,5,lunch|dinner,moderate_calorie|high_protein|high_fat|low_carb
Xôi ngũ sắc,1 phần,350,8,10,70,breakfast,moderate_calorie|high_carb
Gà đồi nướng mắc khén,1 phần,450,40,25,0,lunch|dinner,moderate_calorie|high_protein|high_fat|low_carb
Pa pỉnh tộp (cá nướng),1 phần,350,40,15,5,lunch|dinner,moderate_calorie|high_protein|low_carb
Nậm pịa,1 phần,500,40,35,5,lunch|dinner,moderate_calorie|high_protein|high_fat|low_carb
Lạp xưởng gác bếp,1 phần,550,35,45,5,lunch|dinner,moderate_calorie|high_protein|high_fat|low_carb
Trâu gác bếp,1 phần,450,40,25,5,lunch|dinner,moderate_calorie|high_protein|high_fat|low_carb
Bê chao,1 phần,400,30,30,5,breakfast,moderate_calorie|high_protein|high_fat|low_carb
Rêu đá nướng,1 phần,150,5,5,20,afternoon,low_calorie|low_fat|low_carb|high_fiber
Măng chua nấu thịt,1 phần,250,20,10,15,afternoon,low_calorie|high_protein|low_carb
Canh bon,1 phần,200,10,5,20,lunch|dinner|afternoon,low_calorie|low_fat|low_carb
Nộm hoa ban,1 phần,150,5,5,20,lunch|dinner|afternoon,low_calorie|low_fat|low_carb
Bánh ngải,1 phần,250,5,8,40,afternoon,low_calorie|low_fat
Chẩm chéo,1 phần,100,2,5,10,afternoon,low_calorie|low_fat|low_carb
Thịt trâu nướng mắc khén,1 phần,400,35,25,5,lunch|dinner,moderate_calorie|high_protein|high_fat|low_carb
Thịt lợn muối chua,1 phần,300,25,20,5,lunch|dinner|afternoon,moderate_calorie|high_protein|high_fat|low_carb
Cá suối nướng,1 phần,350,40,15,5,lunch|dinner,moderate_calorie|high_protein|low_carb
Cháo ấu tẩu,1 phần,350,10,20,40,breakfast,moderate_calorie|high_fat|balanced
Phở chua Lạng Sơn,1 phần,400,15,15,60,breakfast|lunch|dinner,moderate_calorie|moderate_protein|high_carb|balanced
Khâu nhục,1 phần,600,30,45,10,lunch|dinner,high_calorie|high_protein|high_fat|low_carb
Lợn quay Lạng Sơn,1 phần,500,40,35,5,lunch|dinner,moderate_calorie|high_protein|high_fat|low_carb
Bánh cuốn Cao Bằng,1 phần,350,15,10,55,breakfast|afternoon,moderate_calorie|moderate_protein|balanced
Bánh khảo,1 phần,300,5,15,50,afternoon,moderate_calorie
Bánh coóng phù,1 phần,250,5,5,50,afternoon,low_calorie|low_fat
Bánh tẻ,1 phần,220,6,7,35,afternoon,low_calorie|low_fat
Vịt quay 7 vị,1 phần,500,40,35,5,lunch|dinner,moderate_calorie|high_protein|high_fat|low_carb
Xôi trám,1 phần,350,8,10,70,breakfast,moderate_calorie|high_carb
Thịt trâu gác bếp,1 phần,450,40,25,5,lunch|dinner,moderate_calorie|high_protein|high_fat|low_carb
Măng nhồi thịt,1 phần,300,25,10,15,afternoon,moderate_calorie|high_protein|low_carb
Canh gà lá giang,1 phần,250,20,10,15,lunch|dinner|afternoon,low_calorie|high_protein|low_carb
Canh cá nấu măng chua,1 phần,200,20,5,15,lunch|dinner|afternoon,low_calorie|high_protein|low_fat|low_carb
Bún ốc,1 phần,380,20,10,60,lunch|dinner,moderate_calorie|high_protein|high_carb|balanced
Miến ngan,1 phần,400,20,12,65,lunch|dinner,moderate_calorie|high_protein|high_carb|balanced
Nộm bò khô,1 phần,250,15,10,30,lunch|dinner|afternoon,low_calorie|moderate_protein|balanced
Thịt chua,1 phần,300,25,20,5,lunch|dinner|afternoon,moderate_calorie|high_protein|high_fat|low_carb
Nộm hoa chuối,1 phần,200,5,10,20,lunch|dinner|afternoon,low_calorie|low_carb
Cá nướng mắc khén,1 phần,350,40,15,5,lunch|dinner,moderate_calorie|high_protein|low_carb
Gà hấp lá chanh,1 phần,400,40,20,0,lunch|dinner,moderate_calorie|high_protein|high_fat|low_carb
Bánh trứng kiến,1 phần,300,10,10,55,breakfast|afternoon,moderate_calorie|balanced
Nộm rau muống,1 phần,150,5,5,20,lunch|dinner|afternoon,low_calorie|low_fat|low_carb
Canh chua cá lóc,1 phần,300,25,10,20,lunch|dinner|afternoon,moderate_calorie|high_protein|low_carb|high_fiber|balanced
Cá nướng,1 phần,300,30,15,5,lunch|dinner|afternoon,moderate_calorie|high_protein|low_carb
Tôm rang muối,1 phần,250,30,10,5,lunch|dinner|afternoon,low_calorie|high_protein|low_carb
Tôm hấp,1 phần,200,40,2,0,lunch|dinner|afternoon,low_calorie|high_protein|low_fat|low_carb
Tôm nướng,1 phần,220,42,3,0,lunch|dinner|afternoon,low_calorie|high_protein|low_fat|low_carb
Mực nướng,1 phần,250,45,5,0,lunch|dinner|afternoon,low_calorie|high_protein|low_fat|low_carb
Mực xào chua ngọt,1 phần,280,25,10,15,lunch|dinner|afternoon,moderate_calorie|high_protein|low_carb
Mực chiên giòn,1 phần,300,20,15,20,lunch|dinner|afternoon,moderate_calorie|high_protein|low_carb|balanced
Lẩu mực,1 phần,350,30,10,30,lunch|dinner,moderate_calorie|high_protein|high_fiber|balanced
Súp cua,1 phần,250,25,8,20,lunch|dinner|afternoon,low_calorie|high_protein|low_fat|low_carb|balanced
Cua rang me,1 phần,350,35,15,10,lunch|dinner,moderate_calorie|high_protein|low_carb
Cua hấp,1 phần,200,40,2,0,lunch|dinner|afternoon,low_calorie|high_protein|low_fat|low_carb
Sò huyết xào tỏi,1 phần,280,25,10,10,lunch|dinner|afternoon,moderate_calorie|high_protein|low_carb
Nghêu hấp sả,1 phần,150,25,2,5,lunch|dinner|afternoon,low_calorie|high_protein|low_fat|low_carb
Hàu nướng mỡ hành,1 phần,180,15,12,2,lunch|dinner|afternoon,low_calorie|moderate_protein|low_carb
Gỏi sứa,1 phần,200,20,5,15,lunch|dinner|afternoon,low_calorie|high_protein|low_fat|low_carb
Gỏi cá trích,1 phần,250,25,10,15,lunch|dinner|afternoon,low_calorie|high_protein|low_carb
Cháo hải sản,1 phần,300,20,5,50,breakfast|afternoon,moderate_calorie|high_protein|low_fat|balanced
Bún hải sản,1 phần,350,20,8,60,lunch|dinner,moderate_calorie|high_protein|low_fat|high_carb|balanced
Lẩu hải sản,1 phần,400,30,10,50,lunch|dinner,moderate_calorie|high_protein|high_fiber|balanced
Gỏi tôm,1 phần,200,20,5,15,lunch|dinner|afternoon,low_calorie|high_protein|low_fat|low_carb
Gỏi mực,1 phần,200,20,5,15,lunch|dinner|afternoon,low_calorie|high_protein|low_fat|low_carb
Cá thu kho,1 phần,350,35,15,10,lunch|dinner,moderate_calorie|high_protein|low_carb
Sò điệp nướng phô mai,1 phần,250,20,15,5,breakfast|lunch|dinner|afternoon,low_calorie|high_protein|low_carb
Bánh canh ghẹ,1 phần,400,20,10,65,breakfast|lunch|dinner,moderate_calorie|high_protein|high_carb|balanced
Cháo tôm,1 phần,300,20,5,50,breakfast|afternoon,moderate_calorie|high_protein|low_fat|balanced
Cháo mực,1 phần,280,20,5,45,breakfast|afternoon,moderate_calorie|high_protein|low_fat|balanced
Bún cá ngừ,1 phần,350,20,8,60,lunch|dinner,moderate_calorie|high_protein|low_fat|high_carb|balanced
Cá bống kho tộ,1 phần,300,35,10,10,lunch|dinner|afternoon,moderate_calorie|high_protein|low_carb
Cơm chiên hải sản,1 phần,400,20,10,60,lunch|dinner,moderate_calorie|high_protein|high_carb|balanced
Bánh xèo hải sản,1 phần,350,12,18,40,lunch|dinner,moderate_calorie|moderate_protein|balanced
Cháo vịt,1 phần,250,15,6,30,breakfast|afternoon,low_calorie|moderate_protein|low_fat|balanced
Cháo hến,1 phần,220,10,5,35,breakfast|afternoon,low_calorie|low_fat
Cháo cá,1 phần,250,15,4,35,breakfast|afternoon,low_calorie|moderate_protein|low_fat|balanced
Cháo bò,1 phần,300,20,8,35,breakfast|afternoon,moderate_calorie|high_protein|low_fat|balanced
Cháo lươn,1 phần,320,18,10,35,breakfast,moderate_calorie|moderate_protein|balanced
Cháo ếch,1 phần,300,20,8,35,breakfast|afternoon,moderate_calorie|high_protein|low_fat|balanced
Cháo ngao,1 phần,230,12,5,35,breakfast|afternoon,low_calorie|moderate_protein|low_fat
Cháo gạo lứt,1 phần,250,8,4,40,breakfast|afternoon,low_calorie|low_fat
Cháo thịt bằm,1 phần,280,15,6,35,breakfast|lunch|dinner|afternoon,moderate_calorie|moderate_protein|low_fat|balanced
Cháo đậu xanh,1 phần,200,8,4,40,breakfast|afternoon,low_calorie|low_fat
Cháo bí đỏ,1 phần,180,5,3,35,breakfast|afternoon,low_calorie|low_fat
Cháo yến mạch,1 phần,220,8,5,40,breakfast|afternoon,low_calorie|low_fat
Cháo hành,1 phần,180,5,3,35,breakfast|afternoon,low_calorie|low_fat
Cháo thịt gà ác,1 phần,250,15,6,35,breakfast|lunch|dinner|afternoon,low_calorie|moderate_protein|low_fat|balanced
Cháo gà rau củ,1 phần,200,12,4,30,breakfast|lunch|dinner|afternoon,low_calorie|moderate_protein|low_fat
Cháo dinh dưỡng trẻ em,1 phần,180,10,4,30,breakfast|afternoon,low_calorie|low_fat
Cháo thịt nạc bằm,1 phần,280,15,6,35,breakfast|lunch|dinner|afternoon,moderate_calorie|moderate_protein|low_fat|balanced
Cháo chim bồ câu,1 phần,300,20,8,35,breakfast|lunch|dinner|afternoon,moderate_calorie|high_protein|low_fat|balanced
Cháo vịt bắc thảo,1 phần,280,15,8,35,breakfast|lunch|dinner|afternoon,moderate_calorie|moderate_protein|low_fat|balanced
Cháo cua,1 phần,300,20,5,50,breakfast|afternoon,moderate_calorie|high_protein|low_fat|balanced
Cháo sườn non,1 phần,300,20,8,35,breakfast|afternoon,moderate_calorie|high_protein|low_fat|balanced
Cháo bắp,1 phần,220,8,4,40,breakfast|afternoon,low_calorie|low_fat
Cháo đậu đen,1 phần,200,8,4,40,breakfast|afternoon,low_calorie|low_fat
Cháo trắng,1 phần,180,4,2,35,breakfast|afternoon,low_calorie|low_fat
Cháo trứng,1 phần,250,10,6,35,breakfast|afternoon,low_calorie|low_fat|balanced
Cháo thịt viên,1 phần,280,15,8,35,breakfast|lunch|dinner|afternoon,moderate_calorie|moderate_protein|low_fat|balanced
Súp gà,1 Chén,180,15,6,15,lunch|dinner|afternoon,low_calorie|moderate_protein|low_fat|low_carb
Súp tôm,1 Chén,170,15,4,15,lunch|dinner|afternoon,low_calorie|moderate_protein|low_fat|low_carb
Súp măng tây,1 Chén,160,12,5,15,lunch|dinner|afternoon,low_calorie|moderate_protein|low_fat|low_carb
Súp ngô (bắp),1 Chén,180,8,6,20,lunch|dinner|afternoon,low_calorie|low_fat|low_carb
Súp lươn,1 Chén,200,15,8,15,lunch|dinner|afternoon,low_calorie|moderate_protein|low_fat|low_carb
Súp bò viên,1 Chén,200,15,10,10,lunch|dinner|afternoon,low_calorie|moderate_protein|low_carb
Súp cá,1 Chén,160,15,4,10,lunch|dinner|afternoon,low_calorie|moderate_protein|low_fat|low_carb
Súp rau củ,1 Chén,100,5,2,15,lunch|dinner|afternoon,low_calorie|low_fat|low_carb
Súp nấm,1 Chén,120,8,3,10,lunch|dinner|afternoon,low_calorie|low_fat|low_carb
Súp cua biển,1 Chén,150,10,5,15,lunch|dinner|afternoon,low_calorie|low_fat|low_carb
Súp hải sản,1 Chén,180,15,6,15,lunch|dinner|afternoon,low_calorie|moderate_protein|low_fat|low_carb
Súp bí đỏ,1 Chén,140,4,5,20,lunch|dinner|afternoon,low_calorie|low_fat|low_carb
Súp bào ngư,1 Chén,200,15,6,15,lunch|dinner|afternoon,low_calorie|moderate_protein|low_fat|low_carb
Súp đậu xanh,1 Chén,150,6,4,20,lunch|dinner|afternoon,low_calorie|low_fat|low_carb
Súp khoai tây,1 Chén,180,5,6,25,lunch|dinner|afternoon,low_calorie|low_fat
Súp chay,1 Chén,120,6,3,15,lunch|dinner|afternoon,low_calorie|low_fat|low_carb
Súp cà chua,1 Chén,110,5,2,15,lunch|dinner|afternoon,low_calorie|low_fat|low_carb
Súp cải bó xôi,1 Chén,130,7,4,15,breakfast|lunch|dinner|afternoon,low_calorie|low_fat|low_carb
Súp đậu Hà Lan,1 Chén,140,6,4,20,lunch|dinner|afternoon,low_calorie|low_fat|low_carb
Súp tôm cua,1 Chén,170,15,5,15,lunch|dinner|afternoon,low_calorie|moderate_protein|low_fat|low_carb
Súp bí đỏ hải sản,1 Chén,180,12,6,20,lunch|dinner|afternoon,low_calorie|moderate_protein|low_fat|low_carb
Súp gà ngô,1 Chén,170,12,5,20,lunch|dinner|afternoon,low_calorie|moderate_protein|low_fat|low_carb
Súp gà nấm hương,1 Chén,160,12,4,15,lunch|dinner|afternoon,low_calorie|moderate_protein|low_fat|low_carb
Súp nấm chay,1 Chén,130,6,3,15,lunch|dinner|afternoon,low_calorie|low_fat|low_carb
Súp tôm chua cay,1 Chén,150,15,4,10,lunch|dinner|afternoon,low_calorie|moderate_protein|low_fat|low_carb
Súp hoành thánh,1 Chén,180,10,6,20,lunch|dinner|afternoon,low_calorie|low_fat|low_carb
Súp gà rau củ,1 Chén,160,12,4,15,lunch|dinner|afternoon,low_calorie|moderate_protein|low_fat|low_carb
Súp hạt sen,1 Chén,140,6,4,20,lunch|dinner|afternoon,low_calorie|low_fat|low_carb
Súp thập cẩm,1 Chén,180,15,6,15,lunch|dinner|afternoon,low_calorie|moderate_protein|low_fat|low_carb
Gỏi bò,1 phần nhỏ,300,25,15,10,lunch|dinner|afternoon,moderate_calorie|high_protein|low_carb
Gỏi gà,1 phần nhỏ,250,20,10,15,lunch|dinner|afternoon,low_calorie|high_protein|low_carb
Gỏi ngó sen tôm thịt,1 phần nhỏ,220,15,8,20,lunch|dinner|afternoon,low_calorie|moderate_protein|low_fat|low_carb
Gỏi hoa chuối,1 phần nhỏ,200,10,5,20,lunch|dinner|afternoon,low_calorie|low_fat|low_carb|high_fiber
Gỏi đu đủ,1 phần nhỏ,180,5,3,25,lunch|dinner|afternoon,low_calorie|low_fat
Gỏi bưởi tôm thịt,1 phần nhỏ,200,10,5,20,lunch|dinner|afternoon,low_calorie|low_fat|low_carb
Gỏi xoài,1 phần nhỏ,180,5,3,25,lunch|dinner|afternoon,low_calorie|low_fat
Gỏi hải sản,1 phần nhỏ,250,20,10,15,lunch|dinner|afternoon,low_calorie|high_protein|low_carb
Gỏi gà xé phay,1 phần nhỏ,200,15,5,15,lunch|dinner|afternoon,low_calorie|moderate_protein|low_fat|low_carb
Gỏi bò khô,1 phần nhỏ,250,15,10,20,lunch|dinner|afternoon,low_calorie|moderate_protein|low_carb|balanced
Gỏi tai heo,1 phần nhỏ,300,20,15,10,lunch|dinner|afternoon,moderate_calorie|high_protein|low_carb
Gỏi tôm xoài xanh,1 phần nhỏ,220,15,8,20,lunch|dinner|afternoon,low_calorie|moderate_protein|low_fat|low_carb
Gỏi vịt,1 phần nhỏ,250,20,10,15,lunch|dinner|afternoon,low_calorie|high_protein|low_carb
Gỏi cuốn thịt nướng,1 phần nhỏ,250,15,10,20,lunch|dinner|afternoon,low_calorie|moderate_protein|low_carb|balanced
Gỏi chân gà rút xương,1 phần nhỏ,250,15,10,20,lunch|dinner|afternoon,low_calorie|moderate_protein|low_carb|balanced
Gỏi rau muống,1 phần nhỏ,150,5,5,20,lunch|dinner|afternoon,low_calorie|low_fat|low_carb
Gỏi tai heo tôm thịt,1 phần nhỏ,300,20,15,10,lunch|dinner|afternoon,moderate_calorie|high_protein|low_carb
Gỏi bắp chuối tôm thịt,1 phần nhỏ,200,10,5,20,lunch|dinner|afternoon,low_calorie|low_fat|low_carb
Gỏi bắp cải tím tôm thịt,1 phần nhỏ,180,10,5,20,lunch|dinner|afternoon,low_calorie|low_fat|low_carb
Gỏi bạch tuộc,1 phần nhỏ,200,20,5,15,lunch|dinner|afternoon,low_calorie|high_protein|low_fat|low_carb
Gỏi bò tái chanh,1 phần nhỏ,250,20,10,15,lunch|dinner|afternoon,low_calorie|high_protein|low_carb
Gỏi đu đủ tôm thịt,1 phần nhỏ,180,10,5,20,lunch|dinner|afternoon,low_calorie|low_fat|low_carb
Gỏi măng cụt tôm thịt,1 phần nhỏ,220,15,8,20,lunch|dinner|afternoon,low_calorie|moderate_protein|low_fat|low_carb
Gỏi cuốn lụa,1 phần nhỏ,200,10,5,30,lunch|dinner|afternoon,low_calorie|low_fat
Trứng gà,1 Quả,70,6,5,0.6,breakfast|afternoon,low_calorie|low_fat|low_carb
Trứng vịt,1 Quả,90,7,7,1,breakfast|afternoon,low_calorie|low_fat|low_carb
Trứng bắc thảo,1 Quả,90,7,6,1,breakfast|afternoon,low_calorie|low_fat|low_carb
Trứng ngỗng,1 Quả,267,19,20,1.2,breakfast|afternoon,moderate_calorie|moderate_protein|high_fat|low_carb
Trứng đà điểu,1 Quả,200,15,15,1,breakfast|afternoon,low_calorie|moderate_protein|low_carb
